{
    "epoch": 20.0,
    "total_flos": 2.634798489587712e+19,
    "train_loss": 0.4171075513040213,
    "train_runtime": 3767.2098,
    "train_samples_per_second": 90.252,
    "train_steps_per_second": 1.412
}