{
    "epoch": 2.0,
    "total_flos": 9.313856541609984e+18,
    "train_loss": 1.3512174309365388,
    "train_runtime": 882.5767,
    "train_samples_per_second": 38.524,
    "train_steps_per_second": 2.409
}