{
    "epoch": 2.0,
    "eval_accuracy": 0.804,
    "eval_loss": 1.2385131120681763,
    "eval_runtime": 23.7566,
    "eval_samples_per_second": 126.281,
    "eval_steps_per_second": 7.914,
    "total_flos": 2.634798489587712e+18,
    "train_loss": 1.372128173302393,
    "train_runtime": 519.5678,
    "train_samples_per_second": 65.439,
    "train_steps_per_second": 4.092
}