{
    "epoch": 2.0,
    "total_flos": 9.317048178364416e+18,
    "train_loss": 0.058368068726261095,
    "train_runtime": 1291.9995,
    "train_samples_per_second": 26.316,
    "train_steps_per_second": 1.646
}