{
    "epoch": 2.0,
    "eval_accuracy": 0.9126666666666666,
    "eval_loss": 0.7724518179893494,
    "eval_runtime": 37.6981,
    "eval_samples_per_second": 79.58,
    "eval_steps_per_second": 4.987
}