{
    "epoch": 2.0,
    "total_flos": 9.313856541609984e+18,
    "train_loss": 1.003802445959843,
    "train_runtime": 889.451,
    "train_samples_per_second": 38.226,
    "train_steps_per_second": 2.39
}