{
    "epoch": 2.0,
    "eval_accuracy": 0.9986666666666667,
    "eval_loss": 0.002844866830855608,
    "eval_runtime": 23.6877,
    "eval_samples_per_second": 126.648,
    "eval_steps_per_second": 7.937
}