{
    "epoch": 2.0,
    "eval_accuracy": 0.999,
    "eval_loss": 0.002511510858312249,
    "eval_runtime": 64.2391,
    "eval_samples_per_second": 46.701,
    "eval_steps_per_second": 2.927,
    "total_flos": 1.936954050103296e+19,
    "train_loss": 0.07935385809988327,
    "train_runtime": 2430.0198,
    "train_samples_per_second": 13.992,
    "train_steps_per_second": 0.875
}