{
    "epoch": 2.0,
    "eval_accuracy": 0.9946666666666667,
    "eval_loss": 0.015385101549327374,
    "eval_runtime": 23.2584,
    "eval_samples_per_second": 128.985,
    "eval_steps_per_second": 8.083,
    "total_flos": 2.634798489587712e+18,
    "train_loss": 0.11927641566706118,
    "train_runtime": 615.1744,
    "train_samples_per_second": 55.269,
    "train_steps_per_second": 3.456
}