{
    "epoch": 2.0,
    "eval_accuracy": 0.8613333333333333,
    "eval_loss": 1.3886282444000244,
    "eval_runtime": 23.0809,
    "eval_samples_per_second": 129.977,
    "eval_steps_per_second": 8.145,
    "total_flos": 2.634798489587712e+18,
    "train_loss": 1.4676635249650154,
    "train_runtime": 523.4345,
    "train_samples_per_second": 64.956,
    "train_steps_per_second": 4.062
}