{
    "epoch": 2.0,
    "eval_accuracy": 0.942,
    "eval_loss": 0.4403490126132965,
    "eval_runtime": 24.2366,
    "eval_samples_per_second": 123.78,
    "eval_steps_per_second": 7.757,
    "total_flos": 2.633672376373248e+18,
    "train_loss": 0.8087970904326057,
    "train_runtime": 527.3885,
    "train_samples_per_second": 64.469,
    "train_steps_per_second": 4.031
}