{
    "epoch": 2.0,
    "total_flos": 9.302033335504896e+18,
    "train_loss": 1.2993027098539969,
    "train_runtime": 1007.6182,
    "train_samples_per_second": 33.743,
    "train_steps_per_second": 2.11
}