{
    "epoch": 2.0,
    "eval_accuracy": 0.9986666666666667,
    "eval_loss": 0.004010818898677826,
    "eval_runtime": 36.2673,
    "eval_samples_per_second": 82.719,
    "eval_steps_per_second": 5.184
}