{
    "epoch": 2.0,
    "eval_accuracy": 0.954,
    "eval_loss": 0.20502310991287231,
    "eval_runtime": 38.0651,
    "eval_samples_per_second": 78.812,
    "eval_steps_per_second": 4.939,
    "total_flos": 9.317048178364416e+18,
    "train_loss": 0.5240254025356117,
    "train_runtime": 892.0437,
    "train_samples_per_second": 38.115,
    "train_steps_per_second": 2.383
}