{
    "epoch": 2.0,
    "eval_accuracy": 0.8433333333333334,
    "eval_loss": 1.3357841968536377,
    "eval_runtime": 66.5806,
    "eval_samples_per_second": 45.058,
    "eval_steps_per_second": 2.824
}