{
    "epoch": 2.0,
    "total_flos": 1.936954050103296e+19,
    "train_loss": 1.4506869212928406,
    "train_runtime": 1558.1875,
    "train_samples_per_second": 21.82,
    "train_steps_per_second": 1.364
}