{
    "epoch": 2.0,
    "eval_accuracy": 1.0,
    "eval_loss": 0.0005469122552312911,
    "eval_runtime": 37.2319,
    "eval_samples_per_second": 80.576,
    "eval_steps_per_second": 5.049,
    "total_flos": 9.313856541609984e+18,
    "train_loss": 0.05136910610802048,
    "train_runtime": 1254.6865,
    "train_samples_per_second": 27.098,
    "train_steps_per_second": 1.694
}